INSERT INTO Universities (Id, Name, NameAlt, SettlementId, Address, Website, IsActive, Type) VALUES 
(1, 'Софийски университет „Св. Климент Охридски“', 'Sofia University St. Kliment Ohridski', 1, 'бул. Цар Освободител 15, София', 'https://www.uni-sofia.bg/', 1, 2),
(2, 'Технически университет – София', 'Technical University of Sofia', 1, 'бул. Климент Охридски 8, София', 'https://tu-sofia.bg/', 1, 2),
(3, 'Медицински университет – София', 'Medical University of Sofia', 1, 'ул. Св. Георги Софийски 1, София', 'https://www.mu-sofia.bg/', 1, 2),
(4, 'Университет за национално и световно стопанство', 'University of National and World Economy', 1, '1700 София, Студентски град', 'https://www.unwe.bg/', 1, 2),
(5, 'Нов български университет', 'New Bulgarian University', 1, 'ул. Монтевидео 21, София', 'https://www.nbu.bg/', 1, 1),
(6, 'Пловдивски университет „Паисий Хилендарски“', 'Plovdiv University Paisii Hilendarski', 2, 'ул. Цар Асен 24, Пловдив', 'https://uni-plovdiv.bg/', 1, 2),
(7, 'Медицински университет – Пловдив', 'Medical University of Plovdiv', 2, 'бул. Васил Априлов 15А, Пловдив', 'https://mu-plovdiv.bg/', 1, 2),
(8, 'Аграрен университет – Пловдив', 'Agricultural University of Plovdiv', 2, 'бул. Менделеев 12, Пловдив', 'https://www.au-plovdiv.bg/', 1, 2),
(9, 'Университет по хранителни технологии', 'University of Food Technologies', 2, 'бул. Марица 26, Пловдив', 'https://uft-plovdiv.bg/', 1, 2),
(10, 'Медицински университет „Проф. д-р Параскев Стоянов“ – Варна', 'Medical University of Varna', 3, 'ул. Марин Дринов 55, Варна', 'https://www.mu-varna.bg/', 1, 2),
(11, 'Технически университет – Варна', 'Technical University of Varna', 3, 'ул. Студентска 1, Варна', 'https://www.tu-varna.bg/', 1, 2),
(12, 'Икономически университет – Варна', 'University of Economics Varna', 3, 'бул. Княз Борис I 77, Варна', 'https://www.ue-varna.bg/', 1, 2),
(13, 'Бургаски свободен университет', 'Burgas Free University', 4, 'ул. Сан Стефано 62, Бургас', 'https://www.bfu.bg/', 1, 1),
(14, 'Университет „Проф. д-р Асен Златаров“ – Бургас', 'Prof. Dr. Asen Zlatarov University', 4, 'бул. Проф. Якимов 1, Бургас', 'https://www.btu.bg/', 1, 2),
(15, 'Русенски университет „Ангел Кънчев“', 'Angel Kanchev University of Ruse', 5, 'ул. Студентска 8, Русе', 'https://www.uni-ruse.bg/', 1, 2),
(16, 'Тракийски университет – Стара Загора', 'Thracian University Stara Zagora', 6, 'Студентски град, Стара Загора', 'https://www.uni-sz.bg/', 1, 2),
(17, 'Медицински университет – Плевен', 'Medical University of Pleven', 7, 'ул. Св. Климент Охридски 1, Плевен', 'https://www.mu-pleven.bg/', 1, 2),
(18, 'Великотърновски университет „Св. св. Кирил и Методий“', 'Veliko Tarnovo University St. Cyril and St. Methodius', 8, 'ул. Теодосий Търновски 2, Велико Търново', 'https://www.uni-vt.bg/', 1, 2),
(19, 'Югозападен университет „Неофит Рилски“', 'South-West University Neofit Rilski', 9, 'ул. Иван Михайлов 66, Благоевград', 'https://www.swu.bg/', 1, 2),
(20, 'Шуменски университет „Епископ Константин Преславски“', 'Shumen University Bishop Konstantin Preslavski', 10, 'ул. Университетска 115, Шумен', 'https://www.shu.bg/', 1, 2),
(21, 'Технически университет – Габрово', 'Technical University of Gabrovo', 11, 'ул. Хаджи Димитър 4, Габрово', 'https://www.tugab.bg/', 1, 2),
(22, 'Стопанска академия „Д. А. Ценов“', 'D. A. Tsenov Academy of Economics', 12, 'ул. Емилиян Станев 2, Свищов', 'https://www.uni-svishtov.bg/', 1, 2);